54aeb5b163316300127e0000,,"{'title': 'Final Answer (JSON DECODING ERROR)', 'content': '```json\n{\n    ""title"": ""Chosen Headline for Maximum Engagement"",\n    ""content"": ""After evaluating all the factors such as emotional appeal, curiosity, clarity, and uniqueness, Headline ID 0 stands out as the most effective choice for enticing readers to click the article."",\n    ""next_action"": ""final_answer""\n}\n```'}",1
54dfe3953063630028000000,,"{'title': 'Final Answer (JSON DECODING ERROR)', 'content': '```json\n{\n    ""title"": ""Finalizing the Selection of Headline"",\n    ""content"": ""Based on the analysis, Headline ID 1 is chosen as it provides the most compelling mix of emotional depth, intrigue, and narrative clarity. Its straightforward presentation of a life-saving scenario is likely to engage readers effectively, balancing drama with a heartwarming resolution."",\n    ""next_action"": ""final_answer""\n}\n```'}",0
54f61445663432000c200100,,"{'title': 'Final Answer (JSON DECODING ERROR)', 'content': '```json\n{\n    ""title"": ""Final Decision on Most Effective Headline"",\n    ""content"": ""Based on the analysis of emotional appeal, curiosity, narrative potential, and conversational tone, the most effective headline is ID 1: \'She knew it might be censored, but she released it anyway. Here are the powerful final minutes of the stunning documentary that\'s going viral in China. This is what guts looks like.\' This headline effectively combines elements that are likely to engage and entice readers."",\n    ""next_action"": ""final_answer""\n}\n```'}",0
55243cca346531001c9e0000,,"{'title': 'Final Answer (JSON DECODING ERROR)', 'content': '```json\n{\n    ""title"": ""Final Answer Selection"",\n    ""content"": ""Based on a thorough analysis of engagement, informativeness, accuracy, and attention-grabbing potential, Headline ID 2 is determined to be the most effective choice. It successfully combines humor and cultural reference to capture the reader\'s attention and curiosity effectively."",\n    ""next_action"": ""final_answer""\n}\n```'}",0
5526ca16646532001cfc0000,,"{'title': 'Final Answer (JSON DECODING ERROR)', 'content': '```json\n{\n    ""title"": ""Choosing the Most Effective Headline"",\n    ""content"": ""Headline ID: 3\\nExplanation: The phrase \'It takes a village. And a neighborhood.\' offers a compelling narrative of unity and communal effort, providing both emotional depth and context to engage readers effectively. This unique combination is likely to entice readers more successfully than simple exclamations or generic positive reactions."",\n    ""next_action"": ""final_answer""\n}\n```'}",0
552c3316626562000c4b0100,,"{'title': 'Final Answer (JSON DECODING ERROR)', 'content': '```json\n{\n    ""title"": ""Final Decision on Most Effective Headline"",\n    ""content"": ""After analyzing all potential headlines through various perspectives including engagement factors, curiosity, and target audience considerations, the chosen headline that is likely to be most effective at enticing clicks is ID 1. This is because it effectively generates curiosity by hinting at a specific benefit (#3 also helps you keep your sanity) which broadly appeals to anyone interested in stress management during tough discussions."",\n    ""next_action"": ""final_answer""\n}\n```'}",3
51655f47e8f2ae00020059ac,,"{'title': 'Final Answer (JSON DECODING ERROR)', 'content': '```json\n{\n    ""title"": ""Final Recommendation"",\n    ""content"": ""The most effective headline for capturing attention and accurately representing the article content is:\\n\\nHeadline ID: 1\\nExplanation: This headline cleverly combines intrigue through the mention of skiing with current socio-political context involving the Taliban, while adding a unique human interest angle around Afghan girls. It effectively paints a picture of a niche and captivating story, likely to attract diverse readerships interested in culture, sports, and human interest stories."",\n    ""next_action"": ""none""\n}\n```'}",0
54db8fd9366238000cbe0000,,"{'title': 'Final Answer (JSON DECODING ERROR)', 'content': '```json\n{\n    ""title"": ""Final Answer Based on Prior Reasoning Steps"",\n    ""content"": ""The selected headline, after evaluating for elements of emotional engagement, intrigue, and informativeness, is **Headline ID: 4**. This headline distinctively balances emotional appeal with a strong curiosity element by invoking a question about a missing word and making a city comparison that engages readers\' curiosity effectively."",\n    ""next_action"": ""final_answer""\n}\n```'}",2
533ad7f9782bd79b4800003f,,"{'title': 'Final Answer (JSON DECODING ERROR)', 'content': '```json\n{\n    ""title"": ""Final Selection"",\n    ""content"": ""Based on the evaluation of each headline, the most effective headline is:\\n\\nHeadline ID: 2\\n\\nExplanation: This headline is effective because it is both provocative and engaging. It employs the term \\""Freeloaders,\\"" which is attention-grabbing, and poses a question, creating a sense of curiosity and urgency. This combination is likely to entice readers to click on the article to learn more."",\n    ""next_action"": ""final_answer""\n}\n```'}",1
5345cd2a1ab01221a3000040,,"{'title': 'Final Answer (JSON DECODING ERROR)', 'content': '```json\n{\n    ""title"": ""Selecting the Most Effective Headline"",\n    ""content"": ""After analyzing each headline for engagement, informativeness, and appeal, Headline 2 seems to combine humor and a critical metaphor on systemic advantages, making it both attention-grabbing and thought-provoking. This balance likely makes it the most effective at enticing readers to click."",\n    ""next_action"": ""final_answer""\n}\n```'}",0
534de995fcf40f3c9800006a,,"{'title': 'Final Answer (JSON DECODING ERROR)', 'content': '```json\n{\n    ""title"": ""Final Decision on Headline Selection"",\n    ""content"": ""Considering the uniqueness, broader appeal, and engagement potential of the headlines, I\'ve determined that headline ID 5 is the most effective at enticing readers to click on the article. It provokes curiosity about taxes in the context they serve—benefitting society—while prompting readers to reflect on what they actually pay for."",\n    ""next_action"": ""final_answer""\n}\n```'}",1
53caa3a795d97d87cf00000a,,"{'title': 'Final Answer (JSON DECODING ERROR)', 'content': '```json\n{\n    ""title"": ""Final Decision on Headline Selection"",\n    ""content"": ""Based on the analysis of specificity, attention-grabbing potential, and informative value, the most effective headline for enticing readers to click is ID 0. It provides specific information about a \'graph,\' which is likely to attract readers interested in visual and data-backed content related to climate change."",\n    ""next_action"": ""final_answer""\n}\n```'}",0
542c7d93615409973e000072,,"{'title': 'Final Answer (JSON DECODING ERROR)', 'content': '```json\n{\n    ""title"": ""Final Selection of Headline"",\n    ""content"": ""After thorough analysis, the most effective headline for engaging readers while being informative and accurate is ID: 1. This headline provides a balanced and compelling mix of urgency, emotional impact, and factual allure, making it likely to attract clicks."",\n    ""next_action"": ""final_answer""\n}\n```'}",5
5424287c996e90efa6000036,,"{'title': 'Final Answer (JSON DECODING ERROR)', 'content': '```json\n{\n    ""title"": ""Choosing the Final Headline"",\n    ""content"": ""Based on the analysis of engagement, curiosity, emotional triggers, accuracy, and representation, **ID 3** stands out. It highlights an unexpected scenario where a non-celebrity impacts world leaders, thereby sparking curiosity and accurately reflecting a significant and intriguing story."",\n    ""next_action"": ""final_answer""\n}\n```'}",3
541340b6e1fd526675000005,,"{'title': 'Final Answer (JSON DECODING ERROR)', 'content': '```json\n{\n    ""title"": ""Final Selection of Most Effective Headline"",\n    ""content"": ""After comprehensive analysis, Headline ID 3 is selected as both engaging and appropriately aligned with potential article content themes. It captures reader interest by merging space exploration with climate change, which are timely and relevant topics."",\n    ""next_action"": ""final_answer""\n}\n```'}",4
535dcd2f786e4fdd5100002a,,"{'title': 'Final Answer (JSON DECODING ERROR)', 'content': '```json\n{\n    ""title"": ""Final Decision on Headline Selection"",\n    ""content"": ""Based on the analysis, Headline 1: \'What do breast implants and adoption have in common? (The answer is really funny.)\' is the most effective choice. It is informative, engaging, captures curiosity through its unique comparison, and likely performs well in catching attention quickly on various platforms."",\n    ""next_action"": ""final_answer""\n}\n```'}",2
5370f27590e652ad9300003d,,"{'title': 'Final Answer (JSON DECODING ERROR)', 'content': '```json\n{\n    ""title"": ""Final Decision on Headline Choice"",\n    ""content"": ""After thorough consideration of both headlines, I conclude that Headline ID 1 is the more effective option. It balances curiosity, specificity, and potential positive engagement, making it likely to attract more clicks from interested readers."",\n    ""next_action"": ""final_answer"",\n    ""headline_id"": 1,\n    ""explanation"": ""The headline \'This CEO Got Mistaken For Kitchen Help. But Instead Of Getting Angry, She Turned It Into This.\' effectively captures reader interest with a specific, intriguing situation and hints at a positive, empowering outcome. This makes it both engaging and informative, providing enough context for the reader to anticipate the article\'s content while maintaining curiosity.""\n}\n```'}",1
5282632083121c4e7e00961f,,"{'title': 'Final Answer (JSON DECODING ERROR)', 'content': '```json\n{\n    ""title"": ""Final Decision on Most Effective Headline"",\n    ""content"": ""Headline ID: 0\\nExplanation: This headline effectively combines emotional and narrative engagement by highlighting both the struggle (\'inescapable curse\') and the potential for resolution (\'But It Doesn\'t Have To Be\'). It offers a well-rounded and intriguing narrative that is likely to resonate with readers, triggering curiosity without relying on potentially misleading urgency. This makes it the most compelling choice for drawing readers while maintaining authenticity and informative value."",\n    ""next_action"": ""final_answer""\n}\n```'}",3
53c8ac28785a663425000013,,"{'title': 'Final Answer (JSON DECODING ERROR)', 'content': '```json\n{\n    ""title"": ""Final Decision"",\n    ""content"": ""Based on the evaluation and comparison of the headlines, Headline ID: 0 is the most effective choice for enticing readers to click on the article. It successfully combines a personal intrigue with an unexpected event, effectively engaging readers\' curiosity."",\n    ""next_action"": ""final_answer""\n}\n```'}",2
53f776d915ec7dfcf3000024,,"{'title': 'Final Answer (JSON DECODING ERROR)', 'content': '```json\n{\n    ""title"": ""Final Answer Selection"",\n    ""content"": ""Headline ID 4 has been chosen as the most effective for its engaging structure, emotional resonance, and ability to create curiosity without oversharing. It is likely to captivate a broad audience, prompting them to click and read further."",\n    ""next_action"": ""final_answer""\n}\n```'}",0
540a3fb82f301bd98a000028,,"{'title': 'Final Answer (JSON DECODING ERROR)', 'content': '```json\n{\n    ""title"": ""Finalizing the Best Headline Choice"",\n    ""content"": ""After careful assessment and reevaluation of each headline option, ID 4 is determined to be the most effective. It combines engaging language with clear context, likely enticing readers to click due to its informal tone and strong narrative. This approach is particularly appealing to modern digital audiences looking for provocative and informative content."",\n    ""next_action"": ""final_answer""\n}\n```'}",4
53e3d1071f6df67d36000015,,"{'title': 'Final Answer (JSON DECODING ERROR)', 'content': '```json\n{\n    ""title"": ""Selected Headline"",\n    ""content"": ""Based on the thorough evaluation and criteria, the headline that is the most effective at getting readers to click on the article is ID 3. It balances specificity, emotional engagement, and curiosity effectively."",\n    ""next_action"": ""final_answer""\n}\n```'}",3
5491e66f30613405f8060000,,"{'title': 'Final Answer (JSON DECODING ERROR)', 'content': '```json\n{\n    ""title"": ""Selecting the Most Engaging Headline"",\n    ""content"": ""Based on the evaluations, headline ID: 0 is the most effective as it directly addresses the core story in an engaging way without unnecessary diversion."",\n    ""next_action"": ""final_answer""\n}\n```'}",0
5499745436316300159a0000,,"{'title': 'Final Answer (JSON DECODING ERROR)', 'content': '```json\n{\n    ""title"": ""Final Decision and Explanation"",\n    ""content"": ""Headline ID 5: \'These songs seem so fun - until you listen a bit closer.\' This headline was chosen because it effectively combines relatability, intrigue, and a hook that invites readers to discover something surprising. It appeals to a broad audience by connecting a common experience of enjoying familiar songs with the notion of uncovering unexpected meanings, making it the most engaging option."",\n    ""next_action"": ""completed""\n}\n```'}",1
549b080638616500180f0000,,"{'title': 'Final Answer (JSON DECODING ERROR)', 'content': '```json\n{\n    ""title"": ""Final Answer Selection"",\n    ""content"": ""Based on an analysis of engagement factors and re-evaluation criteria, the headline that utilizes mystery to provoke curiosity and attract a wide array of readers is the most effective choice."",\n    ""next_action"": ""final_answer"",\n    ""headline_id"": ""2"",\n    ""explanation"": ""Headline ID 2 suggests hidden truths and mysteries about the economy, appealing broadly to readers\' curiosity about uncovering what\'s not commonly revealed, leading to potentially higher click-through rates.""\n}\n```'}",4
530f765b7d78947c5400001e,,"{'title': 'Final Answer (JSON DECODING ERROR)', 'content': '```json\n{\n    ""headline_id"": 0,\n    ""explanation"": ""Headline ID 0 is the most effective because it engages the reader with strong, powerful terms like \'defied\' and \'awesome\', aligns well with the article\'s subject about women\'s transformation in societal perception, and promises a story of empowerment. It captures both the past struggles and the current admiration, which is the essence of the article\'s content.""\n}\n```'}",0
53250a48ea5740c5d4000007,,"{'title': 'Final Answer (JSON DECODING ERROR)', 'content': '```json\n{\n    ""title"": ""Final Decision"",\n    ""content"": ""Headline ID: 1\\nExplanation: Headline ID 1 was chosen because it effectively combines personal connection (\'A Young Woman\'), urgency and scale (\'Huge Problem\'), and intrigue (\'did something no one else knew how to do\'). These elements together create a compelling and engaging headline that is likely to attract clicks."",\n    ""next_action"": ""None""\n}\n```'}",1
5329c6bc5696642620000049,,"{'title': 'Final Answer (JSON DECODING ERROR)', 'content': '```json\n{\n    ""title"": ""Final Decision on Headline Selection"",\n    ""content"": ""Considering all factors such as engagement, emotional impact, clarity, and curiosity-invoking potential, Headline 2 is the most effective choice for enticing readers to click on the article."",\n    ""next_action"": ""final_answer""\n}\n```'}",0
5162f6f0f62aaf0002000efb,,"{'title': 'Final Answer (JSON DECODING ERROR)', 'content': '```json\n{\n    ""title"": ""Providing the Final Answer"",\n    ""content"": ""Based on the thorough evaluation of each headline, ID 2 is chosen as the most effective headline because it successfully combines curiosity, emotional appeal, and clarity to engage readers and prompt them to click."",\n    ""next_action"": ""final_answer""\n}\n```'}",2
51436087220cb800020009a9,,"{'title': 'Final Answer (JSON DECODING ERROR)', 'content': '```json\n{\n    ""title"": ""Final Decision on Effective Headline"",\n    ""content"": ""Based on the criteria of engagement, informative value, curiosity, and broad appeal, Headline ID 1, \\""Can you believe none of these people planned on being here today? One Of The Most Unique Attempts At Suicide Prevention Is Also Totally Beautiful,\\"" is selected. It effectively combines an intriguing and inviting question with a clear topic, making it likely to attract a wide range of readers interested in socially relevant and positively framed content."",\n    ""next_action"": ""final_answer""\n}\n```'}",1
54b54cbf626266628d120000,,"{'title': 'Final Answer (JSON DECODING ERROR)', 'content': '```json\n{\n    ""title"": ""Selected Headline"",\n    ""content"": ""Headline ID: 0\\nExplanation: Headline ID 0 promises a brief, uplifting perspective on a traditionally negative topic. Its inclusive phrase, \'We Could All Take A Listen,\' broadens its appeal. This makes it engaging and informative while accurately representing the article\'s content, attracting a wide range of readers."",\n    ""next_action"": ""final_answer""\n}\n```'}",1
5410c4575856e96e0500005f,,"{'title': 'Final Answer (JSON DECODING ERROR)', 'content': '```json\n{\n    ""title"": ""Final Selection of the Most Effective Headline"",\n    ""content"": ""Based on the analysis of engagement, informativeness, accuracy, and attention-grabbing potential, ID 1 (\\""This Video Is Broken On Purpose. Can You Guess Why?\\"") is selected as the most effective headline. It engages the reader with a direct question, stimulates curiosity, and encourages active participation by inviting the reader to guess the reason, making it the most enticing choice."",\n    ""next_action"": ""final_answer""\n}\n```'}",2
54170c67f0fde2e1b2000063,,"{'title': 'Final Answer (JSON DECODING ERROR)', 'content': '```json\n{\n    ""title"": ""Final Decision on the Most Effective Headline"",\n    ""content"": ""Based on the comprehensive comparison of engagement potential, clarity, relevance, and attention-grabbing appeal, the chosen headline is:\\n\\nHeadline ID: 0\\nExplanation: This headline effectively combines an action-oriented command to address worry with the simple yet compelling directive to \'be in the moment.\' It presents a clear problem (worrying) and an action (being present), which is engaging and aligns well with mindfulness-focused content, making it likely to attract clicks from readers."",\n    ""next_action"": ""complete""\n}\n```'}",4
543d5ae5dd6e021068000030,,"{'title': 'Final Answer (JSON DECODING ERROR)', 'content': '```json\n{\n    ""title"": ""Final Answer Selection"",\n    ""content"": ""After thorough analysis and re-examination using multiple angles, the headline that stands out as the most engaging and likely to entice readers to click is ID 3. It effectively balances the gravity of the crisis with a positive outlook, promising readers both awareness and hope."",\n    ""next_action"": ""final_answer""\n}\n```'}",3
5446e3190b628c329e00001b,,"{'title': 'Final Answer (JSON DECODING ERROR)', 'content': '```json\n{\n    ""title"": ""Final Answer Selection"",\n    ""content"": ""After thorough analysis, Headline 0 is chosen for its directness, engagement, and ability to intrigue readers about the individual\'s story while maintaining a clear and focused message."",\n    ""next_action"": ""final_answer"",\n    ""headline_id"": 0\n}\n```'}",1
5443291ef6da8d937800000f,,"{'title': 'Final Answer (JSON DECODING ERROR)', 'content': '```json\n{\n    ""title"": ""Final Answer"",\n    ""content"": ""Headline ID: 1\\nExplanation: This headline creates a sense of curiosity and emotional depth by hinting at intriguing and sensitive topics, without relying solely on shocking content. It is likely to accurately represent the article\'s broader themes, engaging readers without misleading them."",\n    ""next_action"": ""none""\n}\n```'}",3
514785988367b00002000a91,,"{'title': 'Final Answer (JSON DECODING ERROR)', 'content': '```json\n{\n    ""title"": ""Final Decision: Most Effective Headline"",\n    ""content"": ""Based on the analysis of engagement, sensitivity, and clickability, Headline ID: 1 (\'Jane Doe Survives Rape Only To Receive Death Threats\') is determined to be the most effective for attracting readers while maintaining an appropriate tone. It informs the reader of the article\'s content directly and empathetically while ensuring engagement."",\n    ""next_action"": ""final_answer""\n}\n```'}",3
5171cc40a507ae0002002eae,,"{'title': 'Final Answer (JSON DECODING ERROR)', 'content': '```json\n{\n    ""title"": ""Selecting the Most Effective Headline"",\n    ""content"": ""After considering all the criteria and analyses, Headline 2 appears to be the most effective choice due to its clear context, emotional resonance, and specific mention of self care, making it engaging and relevant to readers."",\n    ""next_action"": ""final_answer""\n}\n```'}",2
51993e49b13c120018001ec4,,"{'title': 'Final Answer (JSON DECODING ERROR)', 'content': '```json\n{\n    ""title"": ""Final Answer Selection"",\n    ""content"": ""Based on the thorough analysis and examination of each headline, ID: 1 is chosen as it effectively combines clarity, information, and engagement about Meryl Streep\'s involvement in a significant social issue. It is likely to entice readers interested in celebrity contributions to societal causes."",\n    ""next_action"": ""final_answer""\n}\n```'}",3
51c07617d0b04ebd53006324,,"{'title': 'Final Answer (JSON DECODING ERROR)', 'content': '```json\n{\n    ""title"": ""Final Decision"",\n    ""content"": ""After evaluating all possible interpretations and approaches, the headline that appears to be the most effective at engaging readers and accurately representing the article\'s content is:\\n\\nHeadline ID: 3\\n\\nExplanation: This headline, \'Things that matter. Pass \'em on.\', effectively connects with the theme of the article by emphasizing significance and collective responsibility. It is likely to draw attention due to its emotive and social appeal, encouraging readers to engage with the story about personal choices and societal consequences."",\n    ""next_action"": ""final_answer""\n}\n```'}",1
5216bcaa2f61d46eb4002fa2,,"{'title': 'Final Answer (JSON DECODING ERROR)', 'content': '```json\n{\n    ""title"": ""Final Answer"",\n    ""content"": ""Headline ID: 3\\nExplanation: This headline uses a strong emotional reaction (\'My Jaw Dropped\'), combined with specific mention of producing light from a plastic bottle, which makes it highly engaging and curiosity-inducing for readers, thus likely to increase clicks."",\n    ""next_action"": ""final_answer""\n}\n```'}",0
523779f663703d481200077d,,"{'title': 'Final Answer (JSON DECODING ERROR)', 'content': '```json\n{\n    ""title"": ""Final Answer"",\n    ""content"": ""Headline ID: 2\\nExplanation: The selected headline, \'Any Chance We Could Swap Out Justin Bieber For This 96-Year-Old Heart-Throb?\', stands out due to its humorous and intriguing nature. It creates curiosity by suggesting an unexpected and engaging comparison, which likely aligns with a narrative full of personality and surprise. This blend of humor, surprise, and potential human interest is well-suited to capture readers\' attention and entice them to click."",\n    ""next_action"": ""completed""\n}\n```'}",0
523f9ec8cbc2704574000c80,,"{'title': 'Final Answer (JSON DECODING ERROR)', 'content': '```json\n{\n    ""title"": ""Final Decision on Headline Selection"",\n    ""content"": ""After evaluating each headline based on emotional appeal, relevance, informativeness, and click potential, the most effective headline appears to be ID 2. This headline effectively balances critical engagement factors, making it likely to attract a well-informed audience interested in socioeconomic issues."",\n    ""next_action"": ""final_answer""\n}\n```'}",0
5240a74e4000b6002900bf46,,"{'title': 'Final Answer (JSON DECODING ERROR)', 'content': '```json\n{\n    ""title"": ""Final Answer Presentation"",\n    ""content"": ""Headline ID: 3\\nExplanation: The chosen headline, \\""If My Kids Went To This School, I\'d Pay Them To Skip Class,\\"" combines humor with a critical stance on education, likely attracting readers interested in schooling topics. It provides an engaging and potentially relatable viewpoint without misleadingly diverting from educational issues, while being broad enough to entice a wide audience."",\n    ""next_action"": ""final_answer""\n}\n```'}",2
5234bc234f5777c1bd004136,,"{'title': 'Final Answer (JSON DECODING ERROR)', 'content': '```json\n{\n    ""title"": ""Final Selection and Justification"",\n    ""content"": ""Headline ID 2 is chosen because it effectively uses the \'David And Goliath\' metaphor to quickly communicate a story of conflict and resolution in a relatable and intriguing way. This headline combines familiarity with the promise of a compelling narrative, likely making it the most engaging and enticing option for readers."",\n    ""next_action"": ""final_answer""\n}\n```'}",2
5272aaa7b3fa72187a001d14,,"{'title': 'Final Answer (JSON DECODING ERROR)', 'content': '```json\n{\n    ""title"": ""Final Answer Selection"",\n    ""content"": ""Based on the evaluation of each headline\'s engagement potential and specificity relating to current socio-political topics, the headline that best balances the criteria of being informative and attention-grabbing is ID 1."",\n    ""next_action"": ""final_answer""\n}\n```'}",0
528f7bf942d802fe82002929,,"{'title': 'Final Answer (JSON DECODING ERROR)', 'content': '```json\n{\n    ""title"": ""Final Selection of Headline"",\n    ""content"": ""After evaluating clarity, emotional impact, and engagement, ID 1 emerges as the most effective. The use of \\""Wait, What?!\\"" creates a sense of surprise and provokes curiosity, making it more likely to attract clicks from a diverse readership."",\n    ""next_action"": ""final_answer""\n}\n```'}",0
52c344bd61c5029d9f000c57,False,"{'title': 'Final Answer (JSON DECODING ERROR)', 'content': '```json\n{\n    ""title"": ""Final Decision on Headline"",\n    ""content"": ""Based on the evaluation of each headline\'s engagement, information, attention-grabbing potential, and content alignment, the chosen headline is the one that best balances these elements."",\n    ""next_action"": ""final_answer""\n}\n```\n\nHeadline ID: 2 \nExplanation: The headline \'Quick, what rhymes with ""501(c)4?"" A Delightfully Nerdy Musical History Of Money In Politics\' effectively combines elements of engagement through its \'Delightfully Nerdy\' theme and informative value with \'Musical History\'. It is attention-grabbing due to its unique angle, maintains relevance to the content, and is a cohesive blend that entices readers while accurately representing the article\'s theme.'}",0
52d4d5ca5f44e3370d002b17,,"{'title': 'Final Answer (JSON DECODING ERROR)', 'content': '```json\n{\n    ""title"": ""Final Decision on Headline Selection"",\n    ""content"": ""Headline ID: 0\\nExplanation: Headline 0 is the most effective as it combines an intriguing, somewhat mysterious opening with the promise of a candid discussion of a controversial topic by a well-known figure, Russell Brand. This combination is likely to grab attention and engage readers, encouraging them to click on the article."",\n    ""next_action"": null\n}\n```'}",0
52d766a4b487053472000ceb,,"{'title': 'Final Answer (JSON DECODING ERROR)', 'content': '```json\n{\n    ""title"": ""Final Answer Selection"",\n    ""content"": ""Headline ID: 3\\nExplanation: Headline 3 is the most effective as it precisely focuses on the \'war on poverty,\' a significant historical and ongoing issue. It poses a direct question about the outcome of the war, which is likely to engage readers\' curiosity, encouraging them to read the article. The headline aligns well with the informative aspect as it clearly addresses the long-term policy endeavored by a president 50 years ago."",\n    ""next_action"": ""final_answer""\n}\n```'}",2
